t_val,u_val,du_dt_val,d2u_dt2_val
0,0,3,-1.5
0.1,0.291489868895526,2.81994133602985,-2.08871617098306
0.2,0.562156858778463,2.5849048906767,-2.59801117563768
0.3,0.806934996501653,2.30323803700847,-3.01951837728477
0.4,1.02170669493091,1.98391140414542,-3.34755310860492
0.5,1.20300816044548,1.63676896221545,-3.5785009229669
0.6,1.34845438358633,1.27158725154014,-3.71140937807455
0.7,1.45681873982824,0.897923237139482,-3.74811066068489
0.8,1.52792924246721,0.524971353630937,-3.69289044067484
0.9,1.5622386895257,0.161691854944456,-3.55147711717524
1,1.56106262866518,-0.183186560671225,-3.33163775272313
1.1,1.52652188207808,-0.502194170414829,-3.04252039105713
1.2,1.46153172226693,-0.789161267773074,-2.69460619838575
1.3,1.36973328396114,-1.03916598761897,-2.29956381035732
1.4,1.25497166314597,-1.24795984489135,-1.86923154818155
1.5,1.12158724581935,-1.41240167265295,-1.41612851819856
1.6,0.974079973017314,-1.53077442539692,-0.952456628945303
1.7,0.817024887746806,-1.60276022181953,-0.489901703316954
1.8,0.654869417390542,-1.62914711719271,-0.0392730752525152
1.9,0.492303789795934,-1.61161360162852,0.3884628311138
2,0.333767850445295,-1.5528104253994,0.783456571394358
2.1,0.183180883212014,-1.45630123634292,1.13762163573544
2.2,0.0439416103605548,-1.32656257986181,1.44463462409096
2.3,-0.0810510622881266,-1.1688084973047,1.69979584463319
2.4,-0.189177069820601,-0.988280851985516,1.89912218651149
2.5,-0.278290940341945,-0.790835122352442,2.04012953138667
2.6,-0.34694776465627,-0.582318550838295,2.12208687247702
2.7,-0.394407307450126,-0.368491358899139,2.14598730590154
2.8,-0.420553431234558,-0.154958056030624,2.11431233609017
2.9,-0.425622030981377,0.0528273065532008,2.03035441521443
3,-0.410409963550267,0.249659106181972,1.89869034238874
3.1,-0.376205381668355,0.431042432565363,1.72477600207756
3.2,-0.324779549245538,0.5932094757269,1.5149177382919
3.3,-0.258242851319482,0.733021877816185,1.27596121784453
3.4,-0.178972206104503,0.847793803391944,1.01519842401775
3.5,-0.0895920969814406,0.935629615405847,0.740151381624615
3.6,0.00718246293506208,0.995492278009537,0.458145334535771
3.7,0.108568078578473,1.02716711274008,0.176271450159078
3.8,0.211765937656226,1.03098885223506,-0.0986091825706811
3.9,0.313937515728389,1.00795493779779,-0.359861543215997
4,0.412473130986735,0.959677268459768,-0.60172403487104
4.1,0.505018184713412,0.888362538483343,-0.819364362391825
4.2,0.58947557189956,0.796658741049976,-1.00880893362501
4.3,0.663886142978406,0.687577301488917,-1.16660521739197
4.4,0.726590995312612,0.564472676076789,-1.29021742250033
4.5,0.776361411413992,0.430792365528925,-1.37822651441152
4.6,0.812399201451848,0.290075296110337,-1.43033043950807
4.7,0.834244933327223,0.145797356752109,-1.44703765890327
4.8,0.841659760604153,0.00156911228597739,-1.42947077710222
4.9,0.834762380750158,-0.139133341521569,-1.37957457898011
5,0.814032564292182,-0.273228357068931,-1.29999508809203
5.1,0.78031115481659,-0.398028734919416,-1.19407980219035
5.2,0.734727881426711,-0.511208195883809,-1.06571423380341
5.3,0.678505153526889,-0.610630721350196,-0.918916981852242
5.4,0.61311953863636,-0.694582367710302,-0.758127782501919
5.5,0.54016190566904,-0.761884858245186,-0.587801342997675
5.6,0.461320843821521,-0.811893021206485,-0.412367448794656
5.7,0.378287458692294,-0.844370521408606,-0.236055373683887
5.8,0.292902934048015,-0.85938442960302,-0.0633157911045454
5.9,0.206941404902867,-0.85741572007501,0.101776995141365
6,0.122034397607967,-0.839366773767681,0.255717400923789
6.1,0.0396708298513674,-0.80656137828197,0.395568256745004
6.2,-0.0388091125914529,-0.760655609130786,0.518931248477316
6.3,-0.11216144720898,-0.703326797324376,0.623659769317489
6.4,-0.179258051598529,-0.636573986450033,0.708057978793759
6.5,-0.239231161767188,-0.562467699276168,0.771116619525946
6.6,-0.291480476443065,-0.483121249800163,0.812516121864496
6.7,-0.335667097770576,-0.400678752779481,0.83260514914278
6.8,-0.371585667812859,-0.317199624363844,0.832022879687239
6.9,-0.399196516184003,-0.234801568787918,0.811850562145538
7,-0.41867610870362,-0.155415033905278,0.773614561022068
7.1,-0.430405053520368,-0.0807183543991756,0.719223643714547
7.2,-0.434967144269669,-0.0121377661953915,0.650966300477016
7.3,-0.433041178983062,0.0491038079637439,0.571264394820083
7.4,-0.425414646302244,0.101912552353363,0.482744198670435
7.5,-0.412975398185473,0.145489565546582,0.388132393948047
7.6,-0.396656114727262,0.179365113915289,0.290099838917791
7.7,-0.377433324195399,0.203397199592114,0.191259573627273
7.8,-0.356278297973698,0.217651893876345,0.0941036388120982
7.9,-0.334186121958806,0.22238527518247,0.00108454321926865
8,-0.312100571863993,0.218100261167215,-0.0856011962315525
8.1,-0.290873307551129,0.205518427972759,-0.164101199534752
8.2,-0.271260042098064,0.185567274176253,-0.232910642907377
8.3,-0.253925466707803,0.159261836195598,-0.290800952403739
8.4,-0.239499035559012,0.12778273726775,-0.336719552149934
8.5,-0.228468027338215,0.0923611921208597,-0.369999885943476
8.6,-0.221160719616092,0.0542487090925237,-0.390388492255487
8.7,-0.217746388847475,0.0147170901297806,-0.398045150504651
8.8,-0.218263433466116,-0.0249768665082557,-0.393455056970097
8.9,-0.222698121466112,-0.0636390153158303,-0.377208249297444
9,-0.230899831863421,-0.100101139479394,-0.350229968266846
9.1,-0.242607103757981,-0.133343747614053,-0.313654225301257
9.2,-0.257450289298858,-0.162501318351092,-0.268814621210774
9.3,-0.274967825085338,-0.186856266312964,-0.217206742889052
9.4,-0.294656797617497,-0.205792461403959,-0.160385032818379
9.5,-0.315936955544483,-0.21884298559418,-0.100028907317079
9.6,-0.338209459145894,-0.22572792418252,-0.0377769988798455
9.7,-0.360861969001205,-0.226354584925561,0.0247856789990798
9.8,-0.383296755192059,-0.220791512125691,0.0861850314186612
9.9,-0.404898829210868,-0.209222696121532,0.144955351686115
10,-0.425028992026474,-0.191979965434253,0.199638188120174
10.1,-0.443126934571334,-0.169510950720722,0.249024143152789
10.2,-0.45871291214587,-0.142378231557533,0.292156713815709
10.3,-0.471387744418474,-0.111259336441007,0.328332387797984
10.4,-0.480821285815217,-0.0769122808314294,0.357054699233604
10.5,-0.486700613199995,-0.0400810136727062,0.37785754640975
10.6,-0.488798115681255,-0.00159495135735932,0.390525322657917
10.7,-0.486984759293631,0.0377360485123057,0.395073718125768
10.8,-0.481228561859874,0.07713084312968,0.391741495528859
10.9,-0.471572986738903,0.115842714003657,0.380933799356533
11,-0.458114621189264,0.153122478384523,0.363184988210506
11.1,-0.441025745502897,0.188284081189401,0.339182465886281
11.2,-0.420544365144181,0.220749212635403,0.30971966867043
11.3,-0.396972328842598,0.250047516420454,0.275691483265258
11.4,-0.370642509685054,0.275787628877822,0.238026917176086
11.5,-0.341937509196715,0.297619130708817,0.197755130138122
11.6,-0.311261264936908,0.315307365034362,0.155897300411331
11.7,-0.279026894888061,0.328745084945728,0.11343067690743
11.8,-0.245656674727109,0.337952438108473,0.0712888029333009
11.9,-0.211552356100972,0.343032842141192,0.0303096543120933
12,-0.17713364707368,0.344126517034696,-0.00864463903207324
12.1,-0.1428151545567,0.341455599028573,-0.0447677014219296
12.2,-0.108963069524572,0.33531526165833,-0.0774124612898298
12.3,-0.0758951670149172,0.326073715755393,-0.10609084919292
12.4,-0.0438808061284312,0.314172209447109,-0.130473492219973
12.5,-0.0131426745391204,0.300078619318156,-0.150361839858834
12.6,0.0161114823445133,0.284220494940886,-0.165575052847376
12.7,0.0437051066656876,0.267094533491745,-0.176045041888536
12.8,0.0695213357519728,0.249174002966661,-0.181841136012769
12.9,0.0935034692944202,0.230904470571777,-0.183168802656982
13,0.115654969347564,0.212703802723453,-0.180369336642821
13.1,0.136029136234934,0.194953542113683,-0.173889429271399
13.2,0.154674017159349,0.177991923401822,-0.164139641085906
13.3,0.171680025029097,0.16215657348636,-0.151634495823123
13.4,0.187166143093709,0.147714744191839,-0.136922809213593
13.5,0.201275800691692,0.134856704083633,-0.120573779990428
13.6,0.214176873250532,0.123695738467949,-0.103176701221696
13.7,0.226055712376285,0.114273232272535,-0.0853282946289691
13.8,0.237077780090486,0.106614689757587,-0.0675620307168074
13.9,0.247426266749241,0.100704339636111,-0.0504317085281349
14,0.257274813607988,0.0964680753126547,-0.0344344729575096
14.1,0.266780583121098,0.0937761579492763,-0.0199945918476198
14.2,0.276084258941877,0.0924432164655393,-0.0074632154615859
14.3,0.285307720793668,0.0922384457856438,0.00288256748441884
14.4,0.294549665975922,0.0929437174188784,0.0108218401999082
14.5,0.303898426824797,0.0943084370542182,0.0161805934224037
14.6,0.313413331724318,0.0960744404201118,0.0188660711077132
14.7,0.323122580381729,0.0979817386100809,0.0188693933335202
14.8,0.33302324382749,0.0997685180827196,0.016265727201543
14.9,0.343081264415279,0.101171140661695,0.0112144444599259
15,0.353250612819753,0.101957190746279,0.00389484935221762
15.1,0.363461690794011,0.101917932138939,-0.00546092677498189
15.2,0.373611738345612,0.100849228246437,-0.0165342879557614
15.3,0.383588749202042,0.098587230213609,-0.0289977054257102
15.4,0.39327148419611,0.095008398171029,-0.04251467569879
15.5,0.402529471265945,0.0900295012350097,-0.0567396496711907
15.6,0.411223005454996,0.0836076175076023,-0.0713179770166853
15.7,0.419204077093017,0.0757387050227677,-0.0858874719380075
15.8,0.426333965739484,0.0664278967098434,-0.10010752086386
15.9,0.432461489252201,0.0557298928566722,-0.113624892301219
16,0.43744439412543,0.0437352178809334,-0.126120347630661
16.1,0.441159645873002,0.030556532895425,-0.137327545509819
16.2,0.443503429028313,0.016328635708064,-0.147033079579729
16.3,0.444389687676181,0.00120251283039868,-0.155069908954143
16.4,0.443732964181468,-0.0146470465040332,-0.161278330521879
16.5,0.441459457509191,-0.0310105986776699,-0.165539134194802
16.6,0.437522785230305,-0.0476858282337413,-0.167792215202597
16.7,0.431904287117453,-0.06447948069673,-0.168036479914403
16.8,0.424612865658973,-0.081207414373063,-0.166329548872621
16.9,0.415667223739125,-0.0976873003510232,-0.162747142730318
17,0.405095268341301,-0.113718058918367,-0.157392028770579
17.1,0.392947922821532,-0.129118422970247,-0.15040943870122
17.2,0.379295045119122,-0.143737194938585,-0.141971917454398
17.3,0.364225280155782,-0.157453344436257,-0.132279099568659
17.4,0.347835114509516,-0.170167239335555,-0.121534936523829
17.5,0.330230129765689,-0.181766645413498,-0.109968047953282
17.6,0.311525446832912,-0.192164214341295,-0.0978143170198696
17.7,0.291841435445987,-0.201309007056847,-0.0853006414204561
17.8,0.271303714165914,-0.209186493764749,-0.0726451820745263
17.9,0.250041329370168,-0.215816753728154,-0.0600539685261872
18,0.228173371005347,-0.221218603163308,-0.0477056406899581
18.1,0.205827658193553,-0.22540911578531,-0.035798676728816
18.2,0.183126707327306,-0.228427633536472,-0.0245045892006757
18.3,0.160183708218311,-0.230335759132239,-0.0139581568660264
18.4,0.137102524097465,-0.231217356061181,-0.0042577181128238
18.5,0.113977691614843,-0.231178548584999,0.00453453063582621
18.6,0.090887804495916,-0.230325458232018,0.0123976413832805
18.7,0.0679093482874836,-0.228739553158427,0.0193046962500393
18.8,0.0451234303076938,-0.226516618004275,0.0252251586862607
18.9,0.02259734132168,-0.223749960975728,0.0301622620400054
19,0.000384409102222635,-0.220530160073985,0.0341529368196267
19.1,-0.0214760015702457,-0.216945063095273,0.0372674983564985
19.2,-0.0429584889076425,-0.213079787630849,0.0396093348615514
19.3,-0.0640516141142378,-0.209016721067001,0.0413145966553111
19.4,-0.0847472099854176,-0.2048146875021,0.0425147423036517
19.5,-0.105022583758684,-0.200506794083206,0.0432906628160379
19.6,-0.124864154062071,-0.196140739427433,0.0437516256169669
19.7,-0.144262969820349,-0.191748636592634,0.0440086849300972
19.8,-0.163214558416249,-0.187346562837394,0.0441737836839992
19.9,-0.181718925690466,-0.182934559621033,0.0443594658574837
20,-0.199780555941658,-0.178496632603605,0.0446785952665777
20.1,-0.217406581329731,-0.174001586443393,0.0452399224029878
20.2,-0.234588688298177,-0.169420906692931,0.0461115251990255
20.3,-0.251309385851537,-0.164733000134273,0.0473383421449816
20.4,-0.267550577935807,-0.1599097765769,0.0489566455344251
20.5,-0.283293441668564,-0.154916082298211,0.0509932149157208
20.6,-0.298518427338968,-0.149709700043519,0.0534651086055972
20.7,-0.313205258407758,-0.144241349026055,0.0563794461314227
20.8,-0.327332931507258,-0.138454684926964,0.0597332021459744
20.9,-0.340879472920061,-0.132290887179672,0.0635146971687064
21,-0.353802813779095,-0.125717571487989,0.0676700602200628
21.1,-0.366046025116988,-0.11871571133575,0.0721096085015224
21.2,-0.377556312815566,-0.111268682816287,0.0767497018342509
21.3,-0.388285421446945,-0.103362282667015,0.0815136196659615
21.4,-0.398189634273533,-0.0949847282694344,0.086331433548363
21.5,-0.407229773248032,-0.0861266576491311,0.0911398940239668
21.6,-0.415371177871124,-0.0767810273997376,0.095882228311187
21.7,-0.422572984222787,-0.0669461024026122,0.100482749259422
21.8,-0.428773484303944,-0.0566580966151935,0.10482650576108
21.9,-0.433917404997418,-0.0459633297340285,0.108813505466743
22,-0.437960808152394,-0.0349062521692971,0.11236493991493
22.1,-0.440871090584422,-0.0235294450448149,0.115423162507418
22.2,-0.442626984075418,-0.0118736201980322,0.117951682083572
22.3,-0.443217227028547,2.2070964626318e-05,0.119932005674657
22.4,-0.442617098201227,0.0121015166706385,0.121314258016431
22.5,-0.440802767612323,0.0242846708954075,0.122056586071843
22.6,-0.437763463587728,0.0364980892133956,0.122140364460534
22.7,-0.43349930756007,0.048677712225073,0.121563461775856
22.8,-0.428021314068712,0.0607688655569184,0.120340326728644
22.9,-0.421346391367528,0.07272073515573,0.118492353060506
23,-0.413487561636605,0.0844610520537761,0.116036203376195
23.1,-0.404466824008549,0.0959192440856238,0.113004520892194
23.2,-0.394314211955289,0.107038389945596,0.109437739946716
23.3,-0.383067713975661,0.117775232479224,0.105384038815063
23.4,-0.370771241090421,0.128098866720619,0.100895085446709
23.5,-0.357467000247733,0.137963217425066,0.0960209160796298
23.6,-0.343201046702604,0.14731629707825,0.0908193834402623
23.7,-0.328024255610402,0.156121714933648,0.0853480393631665
23.8,-0.311992261065564,0.164358988279265,0.0796640462872451
23.9,-0.295165456101597,0.172023542437632,0.073824407618131
24,-0.277603933565646,0.179118890855768,0.0678774704857956
24.1,-0.259363323600593,0.185624974898281,0.0618685998217439
24.2,-0.24050277272299,0.191522737284774,0.0558480986304872
24.3,-0.221082031350273,0.196805555220207,0.0498584779164377
24.4,-0.201161437316268,0.201479243415786,0.0439346893459473
24.5,-0.180801915871193,0.205562054088967,0.0381044076523714
24.6,-0.160063971588457,0.209083128936249,0.0323865731372167
24.7,-0.139000351491977,0.212054845107008,0.0267871708159092
24.8,-0.117667442965852,0.214476223309747,0.0213263203114459
24.9,-0.0961212590101198,0.216352098990547,0.0160189566875678
25,-0.0744157464374142,0.217693086001775,0.0108709257414472
25.1,-0.0526027858729677,0.218515576602093,0.00587929322503156
25.2,-0.0307321917546111,0.21884174145645,0.00103265587943968
25.3,-0.00885160882425356,0.218699422314538,-0.0036887516055268
25.4,0.0130012555604861,0.218103864528228,-0.00832302974538698
25.5,0.0347784496242117,0.217054534454794,-0.0128742566567925
25.6,0.0564263876159061,0.215555101914237,-0.0173336948953448
25.7,0.0778950868826448,0.213610312742363,-0.021701012000619
25.8,0.0991381678695994,0.211225988790781,-0.0259839749316962
25.9,0.120112854120031,0.208409027926908,-0.0301981481177755
26,0.140779972275298,0.205167404033963,-0.0343665958785858
26.1,0.161103952074848,0.201510167010971,-0.0385195899583852
26.2,0.181053892460703,0.197445057926908,-0.0426957957428368
26.3,0.200602430230117,0.192952419766937,-0.046926119203396
26.4,0.21969109754566,0.188033014314311,-0.0511707363140835
26.5,0.238260941448115,0.18269542337677,-0.055389077590434
26.6,0.256259923491057,0.176946738030225,-0.0595534155461526
26.7,0.273642919740856,0.170792558618754,-0.0636486176868525
26.8,0.290371720776679,0.164236994754599,-0.0676719093665474
26.9,0.306415031690483,0.157282665318174,-0.0716326470996332
27,0.321748472087023,0.149930698458057,-0.0755521028949642
27.1,0.336353347344213,0.142178355014086,-0.079459000013536
27.2,0.350188585150452,0.134015380780028,-0.0833173384096472
27.3,0.363193655982304,0.125468959222007,-0.0870559928021282
27.4,0.375316761083664,0.116568909155779,-0.0906216149785873
27.5,0.386515747388152,0.107340128393239,-0.0939769898583716
27.6,0.396758107519109,0.097802593742431,-0.0971008962248836
27.7,0.406020979789602,0.0879713610075421,-0.0999879816046007
27.8,0.414291148202421,0.0778565649889036,-0.102648651605529
27.9,0.421559329079375,0.0674643102427631,-0.105095135944809
28,0.427786993218592,0.0568233783036321,-0.107271816503424
28.1,0.432939106831011,0.045984236285505,-0.109136518196448
28.2,0.436991126198885,0.0349901001006761,-0.110663476799632
28.3,0.439927743947391,0.0238757223623558,-0.111839563619251
28.4,0.44174288904463,0.0126673923846737,-0.112664266087549
28.5,0.442439615667466,0.00138300145819981,-0.113149438765002
28.6,0.44201429970248,-0.00995064771535996,-0.113288461123906
28.7,0.440456102133071,-0.0212808737377594,-0.113063407057116
28.8,0.437764093100621,-0.0325611933458045,-0.112471859529373
28.9,0.433944358563731,-0.0437548351163392,-0.11151797869581
29,0.429010000298226,-0.0548347394662489,-0.110212575487759
29.1,0.422978542375857,-0.0657797036876895,-0.108568643956659
29.2,0.415862572457058,-0.0765488678650827,-0.106590825069599
29.3,0.407679218954262,-0.0870981425203363,-0.104291003915736
29.4,0.398451093756811,-0.0973935908477436,-0.101684107825222
29.5,0.388206140615987,-0.107411479620237,-0.098787848275156
29.6,0.376976821327293,-0.11713779861107,-0.0956210866373821
29.7,0.36479317062845,-0.12654519817978,-0.0921981758399938
29.8,0.351685903368716,-0.13559315470042,-0.0885368315596036
29.9,0.337690222570324,-0.144251599018185,-0.0846560364384569
30,0.322845841306125,-0.152501742771833,-0.0805758917222797
30.1,0.30719698269959,-0.160336078393682,-0.0763178386531924
30.2,0.29078976416851,-0.167754836459497,-0.0719001225315373
30.3,0.273664578789714,-0.174735599304008,-0.0673341816018165
30.4,0.255864399923024,-0.181248058026313,-0.0626382819406047
30.5,0.237435055941707,-0.18727185343898,-0.0578295445582369
30.6,0.218425135166717,-0.192796735565147,-0.0529238970036062
30.7,0.198885985866702,-0.197822563638528,-0.0479363499771351
30.8,0.178871298989658,-0.20235895761259,-0.0428804119221464
30.9,0.158428825275837,-0.206405543735645,-0.0377575487315959
31,0.13760781007347,-0.209941059403568,-0.0325815135440952
31.1,0.11646002793304,-0.212949482931243,-0.0273681682602191
31.2,0.0950378108753059,-0.215422249950447,-0.0221297499135975
31.3,0.0733940483912977,-0.217358253409844,-0.0168751777949276
31.4,0.0515821874423246,-0.218763843574992,-0.0116103630323782
31.5,0.0296561268903666,-0.219652747924532,-0.00633829598249142
31.6,0.00766138251040352,-0.220030167800906,-0.00104522260323758
31.7,-0.014348746253782,-0.219884275935311,0.0042543751269967
31.8,-0.0363153692523973,-0.219207969417861,0.00953382646573414
31.9,-0.0581821822538678,-0.217998550975803,0.0147742439055155
32,-0.0798954669448434,-0.216257728973522,0.0199642151838043
32.1,-0.101404090930193,-0.213991617412539,0.0250994982731904
32.2,-0.122659507733007,-0.211210735931511,0.0301827201142632
32.3,-0.143615756794596,-0.20793000980623,0.0352230798441631
32.4,-0.164235730834138,-0.20415204166107,0.0402433615174131
32.5,-0.184468644887335,-0.199869450429023,0.0452244906147411
32.6,-0.204247824511507,-0.195095807709962,0.0501151938469702
32.7,-0.223513706093892,-0.189844595479162,0.0548787072690734
32.8,-0.242213973867937,-0.184129010173321,0.0594927574085542
32.9,-0.260303559913303,-0.177961962690562,0.0639493065242118
33,-0.27774464415586,-0.171356078390432,0.0682543072157418
33.1,-0.294506654367685,-0.164323697093903,0.0724274669975281
33.2,-0.310566086430188,-0.156874347521464,0.0765003113019036
33.3,-0.325887282608047,-0.149001284269234,0.0804611838931869
33.4,-0.340409186112891,-0.140735712543688,0.0842490435343237
33.5,-0.354077618738029,-0.132113419984273,0.087817284029304
33.6,-0.366848710268919,-0.123164345474623,0.0911369148281035
33.7,-0.378688898483158,-0.113912579142554,0.0941963967720468
33.8,-0.389574929150488,-0.104376362360071,0.0970014913218878
33.9,-0.399493856032797,-0.0945680877433594,0.0995751236454624
34,-0.408441418497922,-0.0844941484891268,0.10195312860981
34.1,-0.416387253711565,-0.0741701630683508,0.104104785405748
34.2,-0.42329224699877,-0.0636427324323755,0.10598697863147
34.3,-0.429129358498432,-0.0529545103509135,0.107578721687147
34.4,-0.433880457842069,-0.0421389283980555,0.108870542762605
34.5,-0.437536324153822,-0.0312201959522745,0.109864437001476
34.6,-0.440096646050453,-0.020213300196423,0.110573834151333
34.7,-0.441564692005864,-0.00912869889493905,0.111012604080548
34.8,-0.441926277309771,0.00199503337033269,0.111158796118629
34.9,-0.441173777188344,0.01311245835327,0.111004059718705
35,-0.439306935155699,0.0241878452676074,0.110547409787285
35.1,-0.436332199823116,0.0351951257320677,0.10979363674843
35.2,-0.432262693978577,0.0461178608142881,0.108753306621174
35.3,-0.427110249765311,0.0569350234607695,0.107430033886102
35.4,-0.420883337395786,0.0676055903870593,0.105823098504751
35.5,-0.413596612017077,0.0780946982329802,0.10393834100135
35.6,-0.405269522456445,0.0883763040826884,0.101783474614188
35.7,-0.395926295684411,0.0984333424661876,0.099368102750173
35.8,-0.385592598298957,0.108249839503955,0.096699464333926
35.9,-0.37429146946874,0.117787391330249,0.0937841892066275
36,-0.362049744980542,0.127011533395789,0.0906313489817855
36.1,-0.348899044138433,0.135898020552982,0.0872519723366704
36.2,-0.334875769763772,0.144432827055924,0.0836592453259682
36.3,-0.320020337265753,0.152611594627411,0.0798670720651348
36.4,-0.304368947302046,0.160416833121137,0.0758811292882627
36.5,-0.287957579366316,0.167812286802677,0.0717119010525965
36.6,-0.270826070563976,0.174770085968483,0.0673715437989666
36.7,-0.253017950671294,0.18127240474633,0.0628728984744747
36.8,-0.234580442135395,0.187311461095308,0.0582297527189371
36.9,-0.215564347053752,0.192889472345988,0.053456850885971
37,-0.196016565935501,0.198004447067778,0.0485585728352523
37.1,-0.175982678307079,0.20262929393141,0.0435461156238997
37.2,-0.155511858937985,0.206740389979019,0.038435790618832
37.3,-0.134654955964199,0.210322619993168,0.0332419951517077
37.4,-0.113464490888181,0.21336937649686,0.0279775131578238
37.5,-0.0919946585788742,0.215882559753529,0.022653819671573
37.6,-0.0703010713866934,0.217872384592415,0.0172808452921584
37.7,-0.0484318473954675,0.2193400914125,0.0118536512290648
37.8,-0.0264412921675448,0.220269129833904,0.00639135330872137
37.9,-0.00438756006252108,0.220647833015886,0.000920250355450764
38,0.0176726877883503,0.220470375329512,-0.00453969747267957
38.1,0.0396842834821652,0.219736772357653,-0.0099745572350412
38.2,0.0615935523443668,0.218452880894982,-0.015376113325448
38.3,0.0833483129287443,0.216630398947977,-0.0207415599295282
38.4,0.104898993425647,0.214284692708169,-0.026074901098306
38.5,0.126202278598063,0.211408929699447,-0.0313828340985028
38.6,0.147195550434296,0.208006133720981,-0.0366265825733379
38.7,0.16781674441069,0.204086062326454,-0.0417696853575802
38.8,0.188009551483546,0.199659368214501,-0.0467877976584196
38.9,0.207723418089127,0.194737599228712,-0.0516684133596608
39,0.226913546143651,0.189333198357633,-0.0564105948183422
39.1,0.245540893043292,0.183459503734761,-0.0610247108291547
39.2,0.263573523541237,0.177127703594924,-0.0655340405824184
39.3,0.280980622969157,0.170329716953731,-0.0699510033003297
39.4,0.29769668161945,0.163092846021418,-0.0742147117071863
39.5,0.31365974843381,0.155449640856766,-0.0782713155345538
39.6,0.328818448478129,0.147428364910573,-0.0820865661435037
39.7,0.343131982942494,0.139052995025647,-0.0856456164238796
39.8,0.356570129141187,0.130343221436813,-0.088952832929706
39.9,0.369113240512689,0.121314447770904,-0.0920316207203089
40,0.380752246619676,0.111977791046771,-0.0949242613449472
40.1,0.391475267754683,0.102337927914691,-0.097657224009788
40.2,0.401232186021949,0.0924195383989991,-0.100165680606478
40.3,0.409983186701522,0.0822687590081346,-0.102415465385957
40.4,0.417698452089742,0.0719234666975546,-0.104387345806156
40.5,0.424357534636246,0.061412637211137,-0.106075043631064
40.6,0.429949356943976,0.0507563450811778,-0.107485159064622
40.7,0.434472211769172,0.0399657636283919,-0.108637110122272
40.8,0.437923996026462,0.0290525876496336,-0.109543383748303
40.9,0.440281848777718,0.0180588267461001,-0.110173497715141
41,0.441536424969988,0.00702124702020411,-0.110521891656272
41.1,0.44168433115391,-0.00403143306588983,-0.110587615743213
41.2,0.44072742829986,-0.0150780797508463,-0.110372836255611
41.3,0.438669446053415,-0.0260978880310623,-0.109878031817237
41.4,0.435512483142344,-0.0370537598801267,-0.109101603413681
41.5,0.43126300260284,-0.047911728993019,-0.108045213559721
41.6,0.425932349961087,-0.0586459716157619,-0.106712655017595
41.7,0.419536611416277,-0.0692388496165816,-0.105109568406778
41.8,0.412092037012107,-0.079667713965151,-0.103238706855341
41.9,0.403614084576339,-0.0898933608013067,-0.10110344078014
42,0.394122782482999,-0.0998834402808043,-0.0987095975310397
42.1,0.383643067352125,-0.10961497851766,-0.0960651956839329
42.2,0.372204765788879,-0.119074433597978,-0.0931805358721146
42.3,0.359838631967987,-0.128249937257106,-0.0900623514639116
42.4,0.346571836738168,-0.137104774471253,-0.0867159817038107
42.5,0.332435116424439,-0.145604281374283,-0.0831499970811557
42.6,0.317463738582238,-0.153723971707787,-0.0793747644514636
42.7,0.301697501997421,-0.161449536821089,-0.0754026721024368
42.8,0.28518066464094,-0.168776850316231,-0.0712481829265739
42.9,0.26795543095095,-0.175699875344591,-0.0669178445400559
43,0.250060907367639,-0.1821860323736,-0.0624202491381021
43.1,0.231539905187061,-0.188205690870014,-0.057768558392166
43.2,0.212438332867108,-0.193738821081867,-0.0529759299718958
43.3,0.192805196027519,-0.198774994038469,-0.0480557965578781
43.4,0.172692597449873,-0.203313381550409,-0.0430221515217488
43.5,0.152153910913762,-0.207360753548693,-0.0378862764804749
43.6,0.131235859239938,-0.210905063001293,-0.0326504408037596
43.7,0.109990399193854,-0.213922141250551,-0.0273345675444072
43.8,0.088471010822867,-0.216395101568787,-0.0219575600729262
43.9,0.0667317709444935,-0.218314737213698,-0.0165350948065863
44,0.0448273531464202,-0.219679521428357,-0.0110799314422755
44.1,0.0228130277864977,-0.220495607441217,-0.00560222461068861
44.2,0.000743799859563372,-0.220776104165528,-0.000108042990224086
44.3,-0.0213354037395817,-0.220520061958306,0.00541434325671916
44.4,-0.0433650769812869,-0.219716760969887,0.0109346523314021
44.5,-0.065282998754411,-0.218361398730128,0.0164177851817583
44.6,-0.0870303549191398,-0.216453807302149,0.021838182137877
44.7,-0.108551738306984,-0.213998453282342,0.0271795190761893
44.8,-0.129795148720778,-0.211004437800363,0.0324344075806938
44.9,-0.150711992934687,-0.207485496519135,0.0376040998506629
45,-0.171257084694195,-0.20345999963485,0.0426981990924021
45.1,-0.191395392322206,-0.198930729143487,0.0477411337674312
45.2,-0.211073943624241,-0.193894167141392,0.0527062875217341
45.3,-0.230223558491994,-0.188371154094126,0.0575353909524017
45.4,-0.248783567889596,-0.182381497139929,0.0621873626277073
45.5,-0.266701891612905,-0.175943848695147,0.0666381911215382
45.6,-0.283935038289514,-0.169075706454223,0.0708806929066517
45.7,-0.300448105378751,-0.161793413389703,0.0749242804128611
45.8,-0.316214779171674,-0.154112157752235,0.0787947408298865
45.9,-0.331216911768144,-0.146044748448511,0.0825323563393798
46,-0.345420831863076,-0.137588183452647,0.0861257672088438
46.1,-0.358769145163183,-0.128775474692176,0.0895171995163113
46.2,-0.371212645734335,-0.119646516964628,0.0926675049984703
46.3,-0.382712301721555,-0.110234005272516,0.0955539242534983
46.4,-0.39323925534902,-0.100563434823334,0.098169940589678
46.5,-0.40277482292006,-0.0906531010295579,0.100525147852575
46.6,-0.411310494817157,-0.0805140995086474,0.102645132561145
46.7,-0.418843502017768,-0.070151272169627,0.104560759980209
46.8,-0.425342237728387,-0.0595898837160347,0.106234978058336
46.9,-0.430776549761326,-0.0488771731692381,0.107639250815275
47,-0.435126491097838,-0.038052354444303,0.108760376987351
47.1,-0.43838044564188,-0.0271450596707393,0.109594983432814
47.2,-0.44053512822011,-0.0161753391925015,0.110149498009899
47.3,-0.441595537884517,-0.00515369260536266,0.11044003681544
47.4,-0.441560932719175,0.00590225865418819,0.110465681573687
47.5,-0.440421803550442,0.0169483401420034,0.110210649176681
47.6,-0.438177429003364,0.027946025099476,0.109672114214808
47.7,-0.434833203082444,0.0388661146797984,0.108851738518421
47.8,-0.430400635171649,0.0496887379479607,0.107755737200586
47.9,-0.424895369583218,0.0604002249121273,0.106391572231055
48,-0.418327603913328,0.0709678414230424,0.104756727065175
48.1,-0.410710887734278,0.081353408773383,0.102854004495606
48.2,-0.402063806786914,0.0915275824404826,0.100688723137114
48.3,-0.392409756544471,0.101469918242057,0.098268257774249
48.4,-0.381776381090515,0.111168614938033,0.0956009185633163
48.5,-0.370189073471761,0.120598988020313,0.0926906317364746
48.6,-0.357673174933677,0.129721626443876,0.0895435390343607
48.7,-0.344258675521697,0.138506238132239,0.0861680187085615
48.8,-0.329980306374474,0.146932623239198,0.0825746339385608
48.9,-0.314877539723879,0.154990674148842,0.0787763486982376
49,-0.298992094520376,0.162677138218664,0.0747841373264841
49.1,-0.282360116231734,0.169965745860348,0.0706026073075665
49.2,-0.265020288085932,0.176821721208182,0.0662432692201167
49.3,-0.247014912539659,0.183219993712019,0.06171839102203
49.4,-0.228389844707398,0.189145362792594,0.0570410142989676
49.5,-0.209194492361434,0.194592497841513,0.0522252271987147
49.6,-0.189481212495364,0.199565485312068,0.0472851624776535
49.7,-0.169296486851198,0.204057202848277,0.0422235359855021
49.8,-0.14868871911869,0.208040238241271,0.0370559727486932
49.9,-0.127709172943203,0.211493344438333,0.0318004221492623
50,-0.106410414533337,0.214403557000795,0.0264725077351719
50.1,-0.0848463126609243,0.216766194104033,0.0210858328421117
50.2,-0.0630720386610307,0.218584856537473,0.0156522890529948
50.3,-0.0411435101539991,0.219870967546546,0.0101812061082845
50.4,-0.0191079974895739,0.220624071570848,0.00466603046398584
50.5,0.00297743859425362,0.220829799148595,-0.000868250685567298
50.6,0.0250527072646258,0.220479399702421,-0.00639146447561559
50.7,0.0470599746848602,0.21956955842717,-0.0118810675335143
50.8,0.0689436640144484,0.218102396289896,-0.0173218367965998
50.9,0.090650455409062,0.216085470029861,-0.0227055629296825
51,0.112129286020543,0.213531772158536,-0.028030747108458
51.1,0.133331964519392,0.210458654944048,-0.0333033002251491
51.2,0.154219154970881,0.206860943611283,-0.0385377649574547
51.3,0.17472847405297,0.202742910370915,-0.0436932572132233
51.4,0.19479525572346,0.198118825654983,-0.0487253711296698
51.5,0.214361807126808,0.193003080119722,-0.0536041045891317
51.6,0.233377408594136,0.187410184645559,-0.0583135916880801
51.7,0.251798313643226,0.181354770337111,-0.0628518435965433
51.8,0.269587748978522,0.174851588523188,-0.0672304984556581
51.9,0.286715914491134,0.167915510756794,-0.0714745809384817
52,0.303157310243305,0.160546259042091,-0.0756079546497055
52.1,0.318858948574336,0.152755982998192,-0.0795874216369158
52.2,0.333760216679795,0.144583216922896,-0.0833591494228554
52.3,0.347810915406492,0.136060877178021,-0.0868875706454068
52.4,0.360971291164019,0.127216145368848,-0.0901552207835815
52.5,0.37321203592475,0.11807046834413,-0.0931625673714737
52.6,0.384514287223843,0.108639558196087,-0.0959278524956304
52.7,0.394869628159234,0.0989333922604063,-0.098486948969513
52.8,0.404269337625549,0.0889567512363435,-0.100866625189348
52.9,0.412669863908327,0.0787376850851013,-0.10301234664091
53,0.420036405890326,0.0683225524724501,-0.104894647858124
53.1,0.426343862478483,0.0577490849096782,-0.10649795218383
53.2,0.43157603586389,0.0470457552750453,-0.107818193419408
53.3,0.435725631521794,0.036231777813784,-0.108862760356628
53.4,0.438794258211602,0.0253171081380957,-0.109650456741033
53.5,0.440779567158929,0.0143145095550387,-0.110185357886018
53.6,0.44166428261457,0.00326751498567403,-0.110443359117704
53.7,0.441440863797491,-0.00778242318258309,-0.110417412261585
53.8,0.440108549824318,-0.0188034667191854,-0.110106393456049
53.9,0.437673351592883,-0.0297733886577293,-0.109515122151625
54,0.434147710020139,-0.0406791203835146,-0.108653786454088
54.1,0.429539306870186,-0.0514957455426458,-0.107520541846909
54.2,0.423855178338443,-0.0621834604769052,-0.10611339868457
54.3,0.417108529145769,-0.0727104619000792,-0.104435912274025
54.4,0.409317172621145,-0.0830531620884123,-0.102493288857933
54.5,0.400503347561579,-0.0931964529773674,-0.10029192349174
54.6,0.390688727192364,-0.103116968113139,-0.0978354333289613
54.7,0.379894290566244,-0.112775083150205,-0.0951284914607186
54.8,0.368145671924028,-0.122139446865876,-0.0921781037416017
54.9,0.355473410400459,-0.131188572741364,-0.08899361911431
55,0.341912950024215,-0.139910838961778,-0.0855869239245513
55.1,0.327501415097255,-0.148299615966349,-0.0819670228878902
55.2,0.312271009555959,-0.156323280709655,-0.0781387481186796
55.3,0.296256913191267,-0.163946497399281,-0.0741120879870272
55.4,0.279498371532597,-0.171144008420009,-0.0698982553892404
55.5,0.262038691782457,-0.177900645210837,-0.0655099209183099
55.6,0.243925242816435,-0.184211328264974,-0.0609614707644064
55.7,0.225207130797503,-0.190078290491095,-0.0562648504538949
55.8,0.205927248305289,-0.195482161339514,-0.0514244198108443
55.9,0.186131934297338,-0.200392843370014,-0.0464559459099164
56,0.165869991091096,-0.204788886994653,-0.041374745922545
56.1,0.145192385478355,-0.208657801024734,-0.0361950781019685
56.2,0.124152248725256,-0.211996052670805,-0.0309304402318452
56.3,0.102804876572287,-0.21480906754266,-0.0255938723051311
56.4,0.081203016108548,-0.217104623303761,-0.0201897830351282
56.5,0.0593960562790582,-0.218867322875471,-0.0147249983827075
56.6,0.0374414288226644,-0.220080638779722,-0.00922655252735948
56.7,0.0153958838310282,-0.220734601581822,-0.00371634450051733
56.8,-0.00668473359440874,-0.220825729718194,0.00178907274868964
56.9,-0.028745483342431,-0.220357029496367,0.00727818041696621
57,-0.0507323302920402,-0.219337995094985,0.0127441830907964
57.1,-0.0725924413721815,-0.217784187595167,0.0181852321125216
57.2,-0.0942822617338634,-0.215694307955756,0.0236128464283384
57.3,-0.115742182059092,-0.213065189242197,0.02899577439915
57.4,-0.136908412984543,-0.209903095150826,0.0342950307962295
57.5,-0.157722426882081,-0.206216188109805,0.0394834419732941
57.6,-0.178130957858767,-0.202014529279124,0.044545358265906
57.7,-0.198086001756853,-0.197310078550602,0.0494763728388332
57.8,-0.217544816153785,-0.192116694547883,0.0542830476841071
57.9,-0.236469921562012,-0.186449999766876,0.0589825830243753
58,-0.254821977472084,-0.180311185830804,0.0635766523826449
58.1,-0.272543304321036,-0.173715419695865,0.0680241620853649
58.2,-0.289578489633869,-0.166689690999362,0.0722914515355746
58.3,-0.305879735200177,-0.15925710610655,0.0763575797860405
58.4,-0.32140685707415,-0.151436888110631,0.0802141080810777
58.5,-0.33612728557457,-0.143244376832761,0.0838648938755598
58.6,-0.350016065284808,-0.134691028822042,0.0873258968459723
58.7,-0.363050988059643,-0.125780681041649,0.090610961738454
58.8,-0.375188682909866,-0.116538955861126,0.0936865769950417
58.9,-0.386384141367649,-0.107008549785179,0.0965181773019911
59,-0.396601728735473,-0.0972243945840437,0.0990851107877515
59.1,-0.405815199720783,-0.0872135204107317,0.101380482272311
59.2,-0.41400769843599,-0.0769950558010284,0.103411040283303
59.3,-0.421171758398471,-0.0665802276734949,0.105197078766535
59.4,-0.427302661991524,-0.055975457738341,0.106757300593446
59.5,-0.432372312270832,-0.0452140309455919,0.10805926310042
59.6,-0.436357975219663,-0.0343420270184375,0.109084146611426
59.7,-0.439245413928498,-0.0233961900851317,0.109823487272069
59.8,-0.44102829407892,-0.012403585195613,0.110277497131293
59.9,-0.441708183943613,-0.00138159832150254,0.110455057854396
60,-0.441292234460283,0.00965829806514716,0.110369813025272
